201,JILL,DOE
202,JOE,DOE
203,JUSTIN,DOE
204,JANE,DOE
205,JILL,DOE
206,JOE,DOE
207,JUSTIN,DOE
208,JANE,DOE
209,JOHN,DOE
210,JILL,DOE
211,JOE,DOE
212,JUSTIN,DOE
213,JANE,DOE
214,JOHN,DOE
215,JILL,DOE
216,JOE,DOE
217,JUSTIN,DOE
218,JANE,DOE
219,JOHN,DOE
220,JILL,DOE
221,JOE,DOE
222,JUSTIN,DOE
223,JANE,DOE
224,JOHN,DOE
225,JILL,DOE
226,JOE,DOE
227,JUSTIN,DOE
228,JANE,DOE
229,JOHN,DOE
230,JILL,DOE
231,JOE,DOE
232,JUSTIN,DOE
233,JANE,DOE
234,JOHN,DOE
235,JILL,DOE
236,JOE,DOE
237,JUSTIN,DOE
238,JANE,DOE
239,JILL,DOE
240,JOE,DOE
201,JILL,DOE
202,JOE,DOE
203,JUSTIN,DOE
204,JANE,DOE
205,JILL,DOE
206,JOE,DOE
207,JUSTIN,DOE
208,JANE,DOE
209,JOHN,DOE
210,JILL,DOE
211,JOE,DOE
212,JUSTIN,DOE
213,JANE,DOE
214,JOHN,DOE
215,JILL,DOE
216,JOE,DOE
217,JUSTIN,DOE
218,JANE,DOE
219,JOHN,DOE
220,JILL,DOE
221,JOE,DOE
222,JUSTIN,DOE
223,JANE,DOE
224,JOHN,DOE
225,JILL,DOE
226,JOE,DOE
227,JUSTIN,DOE
228,JANE,DOE
229,JOHN,DOE
230,JILL,DOE
231,JOE,DOE
232,JUSTIN,DOE
233,JANE,DOE
234,JOHN,DOE
235,JILL,DOE
236,JOE,DOE
237,JUSTIN,DOE
238,JANE,DOE
239,JILL,DOE
240,JOE,DOE
201,JILL,DOE
202,JOE,DOE
203,JUSTIN,DOE
204,JANE,DOE
205,JILL,DOE
206,JOE,DOE
207,JUSTIN,DOE
208,JANE,DOE
209,JOHN,DOE
210,JILL,DOE
211,JOE,DOE
212,JUSTIN,DOE
213,JANE,DOE
214,JOHN,DOE
215,JILL,DOE
216,JOE,DOE
217,JUSTIN,DOE
218,JANE,DOE
219,JOHN,DOE
220,JILL,DOE
221,JOE,DOE
222,JUSTIN,DOE
223,JANE,DOE
224,JOHN,DOE
225,JILL,DOE
226,JOE,DOE
227,JUSTIN,DOE
228,JANE,DOE
229,JOHN,DOE
230,JILL,DOE
231,JOE,DOE
232,JUSTIN,DOE
233,JANE,DOE
234,JOHN,DOE
235,JILL,DOE
236,JOE,DOE
237,JUSTIN,DOE
238,JANE,DOE
239,JILL,DOE
240,JOE,DOE
201,JILL,DOE
202,JOE,DOE
203,JUSTIN,DOE
204,JANE,DOE
205,JILL,DOE
206,JOE,DOE
207,JUSTIN,DOE
208,JANE,DOE
209,JOHN,DOE
210,JILL,DOE
211,JOE,DOE
212,JUSTIN,DOE
213,JANE,DOE
214,JOHN,DOE
215,JILL,DOE
216,JOE,DOE
217,JUSTIN,DOE
218,JANE,DOE
219,JOHN,DOE
220,JILL,DOE
221,JOE,DOE
222,JUSTIN,DOE
223,JANE,DOE
224,JOHN,DOE
225,JILL,DOE
226,JOE,DOE
227,JUSTIN,DOE
228,JANE,DOE
229,JOHN,DOE
230,JILL,DOE
231,JOE,DOE
232,JUSTIN,DOE
233,JANE,DOE
234,JOHN,DOE
235,JILL,DOE
236,JOE,DOE
237,JUSTIN,DOE
238,JANE,DOE
239,JILL,DOE
240,JOE,DOE
